{"file_hashes":[{"block_hashes":["mUqjXHoN4ivLeoYw1zPhjKxw4kzamsq6emmXnVPgrxI="],"block_size":4096,"path":"203.js"},{"block_hashes":["3S3ZiU1PNRnPBykvFCJun+mW/uXbRTJFeQJBcCeHgkQ=","zVkcQ6W664bpMkk0zkTx6P8/0zG3IOABiZYHIb8sYpY=","E0SYo95aEPwBtHz+eYDWu0NZ1z7+T+gUDmZS3aLGTxY=","KjeZpJllvbHq4/WR7n2fsdoiBLoXUlnd7zfdU6Mlzwk=","eElgpds3EEdifsexuJgl9pCMcaPtalagUXPIeDpl7Q4=","5kF8A9z0TJKdFQWnjGeqWin6hqLyN7cyTN+BFuw3rRQ=","l5YFa80FTfesRuRiCc4rb8vrZbmRMBHtEZBbx6WmjCI=","457TmSS0dXQhmkT3buA2UEY59VDtv005I36pDJoJL/8=","tDL2CnXsOe21ug/1gGBSDF0vUa7JrOkeLXPagJHutTg=","u2GLtmh0xg0/J4bBPXZlrc6tctz0x2Cmpqtt9eGr0l8=","PqKOlMmJsBfaPBAO0BVAfWQHEufgVFMDAYZXFEbs+g4=","4ziOOariLug/FWLMzZCkxFfTSnXk6Pd8ZGM1cchIYik=","Y1+jBswdTflkMJBfVmjga8tdqKR3c4e5fx9qHwfEndc=","YSePYBtQ/WySriRk3h4WltztS8evP85hWB8t2gsQCT0=","Xl6Jqd85kSy8b8Ndn7QIREUVnGE/miMzpE7yysuP3A8=","EwqJ1PA81nkU0sJ5XMdlHpHm5RKbaZ64Vg1rHjpVqq0=","/7Vu651YyiyAUFv02zPfsLQo4C/HCEqFuptZlcelsXg=","jhyvIJ4cE/5Hzc2lKCDGeUFHswclcaAZcQrQ4tQNyFM=","WvJvG8gRcCspikqUU977W2OzEHQ6J9Y3+VmG7+wJ9AM=","95Rr3UeucX4PMoQ8peo0iSZhOHHVmlDtLXVsr9AKcbQ=","wJmjEFsdD/Jx7p+e945REoxPYX7jNZ8L3tfCTaP5ss0=","E+MjM0kxEpWeqAjSx+B7TA6Db5oaN3ZnzCMoTnIWl5g=","H7tB6bKFIGNemLtoHNuVNudRO+hbt8joqrRJXjxuNXs=","Pcxj/As87p1VORE3qAJq54Qe3RZzXFwLy1+bdii6lIk=","FQ4vkqzKGvGujpal1seOelu0fPPrmpzlid3Q6rIkoME=","hoP26RoCiB19DzddDv/tcgq9xAWjsZkregDmAmTAro4=","Jt30JnDC+hE48kYBGAxxjjasFM8GbU++/QZRQW1+/N0=","kGHtzRarI8qDjmJ0PTsnEPXTHG9xc3D0O/QJ8CA8T1g=","/fPnhQ8ckJzTKaIPRuT9kneFnW7AmvxR2ReB87xNlFo=","AAhtSAmY3GSyiw/yzRurhpW0fRqfPrSWbuDpJ80oZIs="],"block_size":4096,"path":"assets/babylistScraper.js"},{"block_hashes":["voiJfJgWetd1ERbtRGtKhHGuxHIWlQ77ARQ+GvyWrak=","yonA7k2OTKTWIj/NWYerRUNdv/Ikeo8Ecc+wfiO3OF8=","sMgL4SbgFEIcsLHlPwnz0R1nw281mRSHYCzdUaZHmWQ=","o8ljHwXl4rthHS0xSCb7itxi+oU7/0/lqrMfKzisp28=","zKYCwVxtqUsG26fT8zI0ocHZwFV3U+K+w8kinTEUGIo=","zYIfURPYG1z+9Spr+g6QEspafeiEgNFGuJtWp1lnKOk=","uOoqtBs0eilrgATZB3dB0dVjPwUkvYvf8hqAIOU0fbg=","crHHYGabZGaReIx3YWORM1aH8ztMWHojQgv4qXwBWNo=","1womnL82p7nDwkVFOgLOUcYWmN2ujTdosShHzI1oftc=","VSfCFDxy3YbR97lCZMfv4UVfxMAnehpEU2hu/tfiXxU=","gQF1Jl4bAWmHceKjxHJs3oq4ZOaoakUOmmOCaEPr7T4=","+y3cJR1oNbclmkdM6T7BlG5CpOQ6BaY+bV9YY+SQo98=","nm3wv9eH6avQEjt2p8/VTtWPf+Ky304iGKKGBKos6bc=","YxR8QpN5wYqSHUqRBIp7XXQRbgyD64wojafE2JuE2IU=","fCQLPwUMC/088LxVQ9vBCfHg5ljQKkMSy2z70dEMdJs="],"block_size":4096,"path":"assets/Maax_-_Bold-205TF.woff"},{"block_hashes":["csHbTzaM+VaZtqiyZyBo5DHP5xmxVuu2LHq/bPc6vto=","UnoANeFFYb300RMycAG1B3gGt/FbQvnyJHzmNqprY9U=","kxE2VmpDVMXN9DhZ8XPG2FOtgaN/AaOUOWJ/w/e3Yrw=","2fzbQkHp9dchAhN0SQ7EyZFBpFhZZxwutt5guHTaei0=","uoENNkZ4mkHatD6grOmfTgujf3mBMVDTa4fvZWpy4S8=","g+pXqC1P8JXiI3TksEWx9QVyUNgVPt/sWTuyUIwKBLo=","1ySLL2WJuJ5IH1D74WYOiPT7OGqDDsa/ziElqbAT+q8=","2HK63bIMt8IYG8b4bqCN8C+CWZpmM9mac9P5K2NX3IU=","IqbA9ObhpNmhD3SEHFBEzWyD1kAb+2x8bgNaJORGDTs=","e9kDvK5heuY7rppR6lITKlQeMS5sZb2LsE32cg28hyk="],"block_size":4096,"path":"assets/Maax_-_Bold-205TF.woff2"},{"block_hashes":["VLRPbTAy1AJN1jnGIs57xiUX6eRhbuYgIFGarKe1EnI=","gCFKZPA5avnPxoFqksYyAQO/Qo1RIJBDagfQWv8pvhM=","wWoax7hG6phgA5RZV5ShnAF72KoL8KBhF/MwZAxLsJw=","Eyg8kd9+vJgRTuume8UU6iJ/ikIzZLdwn+R2KfCqWtI=","DKtrJXr6CcDOLw6mWipCsPQQPof2rFmoFEu94oehtzU=","yXa95l1+kjOkMr+e4KC4pSGbMLsm1JJBy/ntc9y4NII=","TGIZRunkW0+xHKhsrJWozSXw+vFOBr1S4GH0X2ivJ6s=","7vn32qGiSDmVMWm2/H52FG9CtKESStTPo0mFUumFSg0=","9VOyCBGoM8mx1Udz76OgSshPyRSZof4cKDCYHuk0ksA=","6igxfu/rFZBGA3VWBEUUlHkkjM5haOyfWS9Z5X2pxt4=","V9OyaSMRnuuoeavbgv+QMu5GwIx1gDOpw9s+4Wv5fow=","f3fXxCq9RNadKiyXrZMpxUUqGEbUWzG4E9YQwV5I+6A=","fQtdHCt6Qjw/rFMyKJPqiQb3NciiLRgk8zsZODnCe8I=","UfODQ7o9B9LYsBI3B6+q2yE8qXJuy5XjaJn3E4xKLe8=","trpGu86biaf6jwBLeilcxfjly79xnSEdAyNNSqdzanY=","8DN9gbXGOrx/8jES20Cp1awSeDES3RgrywqosV/D6Po=","eEZhYyp+pfgQHtRdT3lt61Q2ff5qtNUs1lr65Cq5wwo=","uYVDdGFG2h9Otks7rLSepv8L9+Kn2UF3vI3/MgVvSsA=","R7JQtk5N9TFqWBFkvfWlaAx7dAOT6BDLCZIp+8Qkszk=","L1Nz7dSxecX2iyrsuTeb72oGoSZGLIAVa0VK6vH42sQ=","f5M69ON3hSIvyE/rdxpOVg1qJYcEZf5gZNiWP4GiYn4=","VoDkrDpXVAYa814AAGZAxAdspSxAJX6ID7tSsYO8Icg=","TRSGbkcwzoWThN7YgrLQpWDBjqvfVLYdXk/J2/hMeKM=","mXuWHd2CoJUbL1b0VuEjg+R4d5aOxx0c7QlOqtKyRME=","6acdLoOcdXHlp4KQjHjko8K/EIj5w7onZ+tCN2eC/Nk="],"block_size":4096,"path":"assets/Maax_-_Light-205TF.woff"},{"block_hashes":["sBCVRP9IsD1I3aA5eg1WZKJtY9MgrGUO+SIDMFjbbdY=","W1G6msZAXgJUejNlYRGXNWkV/DRc0gr2LA1yxp2ldis=","QMLK2Cyd0B07YdipPHz3PGa0DpGs578SwVb0t5uADKY=","l1i3ZfBG4ifng6em05SkLaGQevrnIfCYfbVlaRXzmT4=","oaVn2shdlwE+57OJRdh9Wpj1xKVdnWa0pfSaAftN7UU=","3iNTJj9OnzSdS9SJztsJCx5FXp1GJ/P+nvcgp/AZlmw=","YDn6IIZ4NyPWoNu7i4gDLcYpf9Ij/k8+7JUtlcXLQVY=","lp7RqytI4WoRF+8kNH9GViIm/PYsMj2VpZkkv4sA5Vw=","bPVsdYVYEF/CyPo4zjAsCAd2TNNYFhzI+0ULCUwQNgM=","h81KQA0FNEGhKjbbM3H0wUOU6WnmvFnhivZi2VvQKd0=","sgt8vibl+KMcookqzBVXBMnlT6L72HAaPwLwXowi+b0=","BbmbmBZkJLgrjqY20XEqf2fJ+MCsYxObg0Pn7vLeI/s=","9nHEEEm6LYrD6HywD2s715Fz012lN0o41LE5lJJFadQ=","0io3e560Dj9SSQV592GlTSYE6341iOWLC/8LeVRRoDw=","wjqBF74bDx/3eOh2iOypSpCnu2JCw1TQxA4nLHGBe9g=","v0hhHP0lszxmrhIVekecl0JQfPT8ZKdknoBYFq0cYbQ=","4xfwHcNszhUyL1PtZOD40VKNdNK4fLiEp9EK8A6dRZo="],"block_size":4096,"path":"assets/Maax_-_Light-205TF.woff2"},{"block_hashes":["ikUWnUlEWxlrIOKoeDuEAQfBBcAxlQMVrBUcoq5oKqI=","Tuw8eICFxrSZo6tLayEHWpvgGS+2xV7uBD935J9lJIk=","FAyNU4FLcSNYZjS+bR8qEUG31y9A3xgX4X2nbWLDjcE=","QVtWL19ugD4ZLz2XV/5wA2X6X2Yav3PCMMvDnWzY584=","+ojMoR1n+VzpFfeNFBRq+cfpKM1K635DxIZabUq50Sw=","75qc6f4fMf6mSMADIJd+gOpwV99z7x/mFby4Mqz6ljE=","gmt4CR4mii8/zB3lcn17Kb8ctcmdC824hAOmBlT3i5s=","1n6K/AY5qS663iiUnIYSVU47muIX4YQeMZiHZ/MBwaQ=","WR8U6bSE97uFLBVz5K9vLDGafqfh3PTdeMjHO1AXRLY=","vl+W+JXDQLpF7mKf57+HXdRdZ/lKuhsJoogTnKJqPYQ=","VaecQTDzmAlywjuBs9W4TRmJ0IonBUrmNWfr7JATjUM=","UOngO4TDtInNNFa9oTGGy2RUsRmcFf6rxaJi/Iapqyk=","oB3b73+ek2n8ReNgUIhIBUhqQdZa5Vti5bNZAjh7iqU=","Z0s1G0+G03NuiUaXEJquTjQFiyrcLYpIfDA2YIJBrOE=","QIbBEpVPq5Rcr4vNUXbSAdJRcuiF/tZFv+/kH+3t9zc=","EO2nf7zp/xyQsfrI+7FowBO/VROLqbTyikGb4lbmN8E=","K7o05QZ5701aDYw9Kaunxl2CF+Tu2J8d/JDlhhP42bY=","03roour/059UiqA3a42QR7QKydW5DDFPKHP3MF4xtX8=","6sNee3gDla+ngnFbQNY7dRZyv7YsztGfG2PvC1ubvx4=","6fmXa0nYGcAfy8fToNXAfFuxmQ5k03TbsHqDpjgY+E0=","WCgO/3j8q0pM1j8HgF/kEB+C6vSJ1NFJwvlCV6NfowE=","zEUhuAUh4bakT8PVqX7q5Zn5RSDUkrJ8HFV6N4/rOZc=","Wvrf3YruRC2Mo4R3aGONj/1+ZmOgmIUpKw33n5Z2yus=","GwtK8RBgo4yHtzhdXY9us7CXZfdPaOCbIrDdqh4J1d0="],"block_size":4096,"path":"assets/Maax_-_Medium-205TF.woff"},{"block_hashes":["AMQU1GPUx2sawngnkdIEfsvI0w3l+tUByCCculxDlMQ=","a3dhnghlt0SYXF7RX/f0EDfgqK4b2UbsMyHJWD4NqWM=","mGmtnuIB0gWpQiCZzXiZsubyu4wdWUHUMptDbRLjD7E=","16Jkz+fxmox6rnosnhuYIw9shTtBmd0tUMSqCNzX4l8=","3qsCSI2VaWnSntnPoFNq7kLG5g8QrloULr+5sOQGnL0=","ENikC2Np4eUWrs1sTpOSFbOnLi8DRqckEbubvbRA7IM=","wP+5jI5yrS8Roji+ERExBlNYqccnWnsXfdU7hgoWUiQ=","pBtWjqtV6urczt/EoGrV8ze+dR0jdMmyaULZ8TLxSfc=","c99e3oTxOPZPX9D9yUTbooEjeCpEX9p5CVfZeaMrex8=","BaXXoWpg+ZhYHoaHCczOeD4zrQA51Wj6P8QatVxW25g=","9au5Zn5emszTZ2ik3OrVmF+y6rXH8tthltpH/Z6UJ7c=","9lI9cZgAEsXJMGHdKvMqMe1ngBP1/+ZIpADnySZhp9A=","WBn878H+HMuUOnSyUyeJzdQuWm5GE04+CsO81Fz4Z80=","9kcUtI2eT1AyTwetfAf8cL2SHU/vXybclUslq1puzMM=","TAnXuj7tfffWzEbIRiM1aVxRXlZpfqd9+aw2tNCiobs=","puE86uqTk09a2KzBXgXS7VEBmWqLaBvmeEAujGuPLws=","THaCoKYj8zTbmFuVZGrY/VIkzCIYsvRgwNBzeAxyqYY="],"block_size":4096,"path":"assets/Maax_-_Medium-205TF.woff2"},{"block_hashes":["1EOz3KdTkPQr71BP2eaNkdJoJEQgJOn5dKRdSlY6NAM=","Tuw8eICFxrSZo6tLayEHWpvgGS+2xV7uBD935J9lJIk=","FAyNU4FLcSNYZjS+bR8qEUG31y9A3xgX4X2nbWLDjcE=","c276kI+cehcifvOiqQ3dRJ5YAzAsVSZ80Lm28ZNHizE=","tx6mBUcfDITixX2zqUt8mqIt2Jnsb3OJjdbSdg8DnTw=","1Z10fcxnqPhGJWqLY0dOjRcZny1L30SZBgSQ+jKmyhA=","8zWK1Y/6o+/CNAojhnqj4rgHKjx7kUaDE+UIfotX2Bc=","D/nfHEeJ30NYLrIYxRehgLtxKFUbijY1oNEdEbfpsVc=","BM9zdSd4risLliA6rXxkqF8pGG6xABhr8s01Xxl0e0k=","wrjucJD+Lp590Sf8UKa1kw/YXh0HybRmFuaBOErNLuM=","hRNRiRLwSmDTns15ZG0aXtdrM2krrHhDwyeX068sEx8=","kkJ23XM8UZS+mKRNR0kyWRc/MUimIOo92/PAlonQ0fw=","FOPPQvILHhqIFACni2bfFoWUCL2VbGDxHs9FY7xRTUo=","0bFYvuXO+PkhO0LIPUtuFkBsS5dRJw999LZkysWwcvg=","gEQuPMsDHPqslz7HG3X6fOoSAR062K9b0rqC5nVKWWc=","HkV4U3su/DctEopcDbVhQAyKqnw68t5xv1ODw+XP1wQ=","4IWTkqKvpUncC/f+H7yzWlBgZkSxK0MRng+AcnMU6ss=","EfSF0jf2WdNbrlAh+I/KShrIntzlYiuy9l7FnbFcCNs=","HMbsjvZCF4AJhgYZielqVw2cXP9feaHuSNc0S/ofZ28=","7nIpeF7FnFS5aG/8krIf5cuDeEwMiTLu6A9/+mvVNzU=","Xviwgszba4OExPoDDou/VpzlTDJw+Z92KVlNSo+ME9Y=","SrTEo8amebCYGfmXdlu/0HozqdNKy8L7qPxrXs5+ImU=","64cCB5b2rsDXFxIXXuD34QBIK4fZUggnha6tPIPp4sU="],"block_size":4096,"path":"assets/Maax_-_Regular-205TF.woff"},{"block_hashes":["p1p/pNRUV7+xDv1oziDO5O99JMUuqqyY75MGL7FgaGQ=","n2rLlh1dHa21YhN5PncYAH0qhkpX7VGwuPI+Ctot7B0=","wXnmonOzBTIERt+PYuA6x/xSwE3H3BWE8YCS0MiGzw4=","0t7/iEmLhUVuc9bpoYDZjrC1mLQW+Q/dh4P/FNZz7gc=","Wk7q6RzdR1Uq3pTQTo8ySgLCqm9fiVc5dhuZ4KP7HCo=","MdDeGqrIYeqizvQhnNaCqaD2lwbaFniOMyPuN2/Akz0=","bNRKVYJT7wPbpsc2j4k8Y7y8dmY6uZgJSVRDpFAsVPw=","M8kIGy30zVkKzLaRX5ViayeO4kcHmHcB1Mi0NH+CuwU=","Oz8Rw4nG0WxXZLjTXWHR8p1K3OKw+53w88nUAUUX3NI=","INAp2Iht1Ba831JYxou7m6uYD2Bn1qiI5a0dqz7W8QE=","fBCHa3BcWDGoJwBUi8ZI6dFCr5AZgOKh6sVuejzYSog=","WXoJ2Tkh2AxYH6REnQ4n3qSF71f1Hzr3cYgIO+uLFvs=","EXnXTmbJV0aeup2pTiyttYkJ/slyBO0lZeTQymJKJqE=","b3HnwBDPsOWoKNzgjxeqGabcaBFWElNpvArePqurDEo=","qA9nl7IJfa0ECUNNbSZDPK1UW9Zpxs1AfXAuuZxaHIo=","95VLzd8UV+8NyY/aWPYG3TGzrhi9kYAl5FsUK5SRVxk="],"block_size":4096,"path":"assets/Maax_-_Regular-205TF.woff2"},{"block_hashes":["LW7fAkcSf1qGAo0CB3fne+RaaRZ3ePgaaw62kLCqWY8="],"block_size":4096,"path":"clientSide.js"},{"block_hashes":["Z0mv/rofUveLFn0Igx/V028DLVc/N80c3c0FfuWmSPQ=","XFJ+53nGaASplbemNGNSt55VGeySzJhTMB0/abFn6SE=","OG+obcsWRcTeabNtlZBJlRXGMWVI/KfPqDlEVh5962w=","+fEmKsA74pCvFjyOngueyRF7JPtqRObwARL/PDoqsE8=","uMITUMkN8LHp2meqaWNbMQraPiqvtRJNtdRLd2Ks0Mc=","+a85gsl1ADMGjWsMU0/AYJIuhiiYKWNhbmFvjsbDWnc=","cUM+xVJusvTuswiH63TtNkHdVNStFMZgT0w91TPCYfE=","suoDed4igkiuWIgw4/H8BaR6f4mkgv+rMj6Z9p/MnZg=","Esoc8C5EyXz4quPetGoxu+B4U8IU2I5DlfYI8/PGtsY=","El1Owkcpj9EAB1ef5aSSPa3O8YcnYnmbhxxyqjg9C7o=","Na1k/jr7fnJoLDTxv/y8k2jj5f4CniNgogvEpfMzwGE=","X9xgQHS3/XEcjeV7i+Mx4vIAdJHzQ4S5L+yHC4GYaHw=","j//wrnINwMoA3Sn+RsvNdYh9hsVMHkI/MNCb37yF7ME=","lp22tu7p/0gmGHghbIdv9FFNPNsvH45NYBzuGeTlf2U=","6j3Ruaorm7+MAPkby6khpDbYRb/vhMrcP8VslhNlrJc=","iF5fwUtLn+DsZbt2y/2X9PCCPJCCqDw1kAIrYh3nM6o=","fd8nrnv+WZXgzKK/e7hoNnNC+0wdOX4Cstb+ZAENQSA=","ee1jODFhQDn9OXjnA2qNrMITRRWIRcazwPrwJGNLS60=","P64wkf0e1w4KQjQO9RXJPJTYLWpruvjZCuDB6/Hbpkw=","M5KpsIojEZ2xTPx9dGWyC0AQLC7swf4jDAotH2/4Dkw=","cfzFJs97TkuB7Wb8bk3DVAeELm/i9JgdbxRmWS/evVs=","7IuqEGMZQiUzU9mTTACK8U1dbFt/rMXweJrGFlPyan8=","K2U5dcMXKYyz0Mg9/KJNkPnKUnT2HE4aL2uLfVaiB1Y=","ls/7fjTtOsg9FGEBeu1tevWMmuY1UOsDrCWmaUF+KV4=","F3nfujcumFoYrvCWFBGRoJUzv2GMDisVlKMYhtuC1lY=","mk2+7LUl8gUdxpZNPOudZBXeylv5D1tFrDg/NzBzgfI=","5U4UZVP6hc3P5ffG01EtLMMwyIZYuDYf4GbXePUPt7E=","LxiiZH3qSjiQs/Yg1x6aHtOhJr7Dv3DFbOIWRrACC6s=","KYzQn9hoWdp6uKniRt66u8TbkZ4Lp67ttJ8xiIqRAkc=","WqmuWBr7BnGhk8GaG/w7cALrEUURwGIXUqSEgA1uCtQ=","41rz2timhuKodPWpcAotF3NPBW6oRi/9KfpgpDLzt64=","zmDOlWlAOIuqJ/1BlK4ob2qmQVZiqR8dGYxxXCLWE3A=","2AsH5cH7sMcAoVUl6zfN95wH/jGi9OT91v14eT8cAAg=","4OtM4FBM9HBln70fV2FdYgzvr+XEzXkql3TsbGTQcAI=","bDLGe1lEu/upOmw4GvaSluNuThePtySVJyXSj/E1kMw=","buJBSPTNiCiET1nZ03sEz3m7diNNwm93wGqOCrI+Zsw=","Ve+UscKlBY8mheLZPAaAhqD71Cgj+BR2+oTVT8FgP3s=","LURS4XLtH7DG0vmhpsACGofO4q6AQy4TMhz0bSRNYA0=","/oYifsN70eB3woA75RBjiZGeTZ9LDq5jdkpqo+xhYIA=","EE3Dl3xw46qb3exzLVkgBtZMIsibcelRIIbUUUPPEwE=","YpOaxI7tfGuKvW/s2qlld0Zh2bRqdFdMeGJyFZ9uddQ=","daeBabQx2I00JG6+mfvbVa/qeA5YDDb3A/ulXppxH9c=","4i04eBwPrHhX+XshcsuK4Ht5EFyBql32OdisU+kS3Cw=","XRKcePdr+Qi9DzG1YVHaYPVd03R1/Dl8iZOzq9uA2sc=","VA602yAEto1pLci6TckZGowXWHf7JPv9eFtQN7LXPno=","1v95DcJ6W2s9aoq7++DlaRqPfwzVd0As1HgpO1rY884=","mrtSfnNy24lE4wvkXmDgYUj3ATVdwswqIId6ztjybxk=","VVvoVyBhMYJGvTrxl6pQzmIq0Tu7daSjf2V+gv3bUWA=","VxSqb7fdUMtg/v/RKglI4srb8GuwJ+/jxLmy0DvjIuc=","2W8vndTk6qPF/XzBjZZlrPu6jaymHIAttPVk0+AeD6Y=","9aEjfp+F9cGdUGOi3YOqcm/XVdTmgLNFb2TceErP5T8=","GiGN5GSKbow4VAAzZG15hXtbjJEAeX5VLlY90umZSOk=","uVoQtHy7LRppJEMW4oZPK9LExs+7SJ4x1H/AwdU/MGw=","kqI8NH1QBr0tTyDoGeIPWqVXP38u5Ar9DbkX/RJ9Ics=","MUYYZ1A1nEj+T7OJRWa6Sv6SMNMWUzrt+k6Npn2szD8=","7bziGtG4OdJBKwkUankTyZhz/a4QBzSaNPmTanp5yWU=","RRyr8vW1QTEMK9Z5TLtsac0sFs64zdCt3cEpi6KBLUw=","0QyF75o+a7QQiGtZ7jBK7hozMdHwzGY5gD9Mj41hhiI=","KU04DCAFNBrXST4Jb3fQlPYuu9sTjxpqR6ndyaOcN8M=","afJ7ZGlYSOU+whRVoL8uQ7AxLlEwJJrS7jqFfOd5BM8=","zq2U8wtTb8MueoAI5Sj8x3cJyh3PgBArdtVmnjGh8Q0=","gkj5rHQoKUkuEhW2qFfVpdRYFTGd7MD372gDWcNcYiU=","bJA/3Hqlz7q8V1cXfJZYjEVZK9Gb09bGjHKbSAiTrx8=","q6ueTIWX1JTY6aN0gxcSzhRCbalRqOXIcGuKZKWLu8Y=","KCE2iUeMlR55D1z4JJOzN2r86I9EI2rIwTDVVhH+lPg=","QKrExg1jt8aolbdO2fa8+P3OYDLdm9/csidEg+E/1Pk=","D3EMtm7DRXmPpq0YIIa63mUfJTRmG008SMjIHDcQArs=","IGiUmHp5cyLc550uzRhknvgkwT7ZG3v+K2BmA562Rr4=","ZxTX7+Rp71Jjv+Wsf8LxBJXi1Eo6Z7lGTlXYBaspudk=","mCGcsfMnQzlSWJA0lI//ywKsa/EwW31jItRvzCMWAeI=","vcP9gRian19SbRYoFXqvB0Pt0rPqhaIoCeAM6ALjcOI=","+Bmkrxiu1CJxquK3WdZ0ag0uOosQnfyP/OegAI9yKjk=","fwWWTU5EJFkfuqJQ2KaehiOwsFBlkqTIEpEQW3atd7g=","sfrMBP/Bj4Ax9ldgfr74hE6Hm5OmveelOPnl20/bntk=","Phm4srQJwTGCwFQyU2SwvEDf+BfsuDA8jxEPPaEgWHQ=","Oo9r9KN9CgkqD8pWVkI77SQICIw/wwGp8tlwlz2ndBY=","5vIGwl9rmHFKfqNwmvMqMPMCs2Ol8B/C/rj5YXHaNac=","7pOcQutIrN53WUqb5VXyWmGQ+O6N77brxzmo4QEPdKM=","Iy/CqFFz6RX3lvT1IpDJ46cKcWLT5ntaMB3h+XTVhqA=","tIjPwtZiKNWWOGSb8CrUL27Eo33y2/cABgzbtvTsCrs=","PrEAv3KA8Fm+V0zbdyNohC5dJhznTQtwj7WeUjd0Elk=","H7Bc20KN2ehurn12fMh2bifowY3WF+mzJhqWsNMPwE8=","6PmG1iWxXspOuoUtJW3dmz5Hrj+V0h4GoUf3A7boUdk=","0AGlTWGBzND3506DPjfJam1v2oBbpagejFdvGqoGnTM=","cKqUqVbA2EII+A/TWlBA4P2aEzw7750D66ktqtk1muc=","vHOL7Y2nTGviDmDbVAi2hjOtifh+s+BJmvpAh/Q4VQ4=","Z44Hhc1m6IxlsRCvdaS15gAZSOYBYU70OX8FvPNMyBU=","0CoWgOTkSMJIvz6pcaf6ZaxlElrC0HQZtfBYBiuH9M0=","rKKL0CaW7XTPyZJC2f3oZ7Bq0KPgoRnzEzjcGT9EjEk=","WlKjqvE14nZLJtWcaQHDDAqv2u8pLIE0CjMHdZj7AIc=","YYDTXK3ceyMTeLT/Z5kuxLwNbGEZAveED0assU3+pb4=","l5AmykHJslyJRee6T5ilgY1ic/g+ikAYzG65RVNQfOs=","eqgfTLae9xqYvYUS7V5o/k2/JRluB9D4vHhiOXudmh4=","NRtzS6ahfsl2EwiFspTorC439AjbRZc0z5lIzDovROM=","MRQ/mhjB0w56HLLZ7B6qkMmQRFdCt9QhLXnznnkTVdY=","wb4PdoOyho9o4HVXnEgF6ydHDkiWdrslK2b2tk0w0m4=","Q2uwgXlUpOzfQxDvwQc7jOqt97gvx0JkzLk5ZoVvjF0=","O4G+eO9GO0gX5IEVANC29elgFyX3Ujtn/Wkht1yt38Y=","B4xFIfloDM8qLb5gV3BOGLr2dGvar//joFkDgqL8XgA=","aKenXH/XsHNQtkkJZQvAKkhVA1n8C4bZWNrP91mX01c=","VU4jKB5sbmeZlfx/ofnOEZ+q2Yf03vFPackXkbJqhX4=","wg2rBUVmQgF8KUwPdPHVRmIhIxtvL10PuNM7/qrfBhA=","mUOWAFuIUEe+knwe6ZkfMcjRJAScpS2JFmYR3ABbHPw=","Of6aOJ3Lrca2HiDdzMmxMYjw/5lI26w89RjliXyUz0E=","c+vos8XIXitQ1IRDBM2kOJaklzAu+ay7iOU+EvM7kEc=","1hVQOHt6e+vD7SP7HWCH/MGlkFKiGbAda0F5czgqsHw=","7sRS9HQ8/dmSTF+c7mjO01vs7uEzTTpe4h7TJQmfNhQ=","edOl+/wfqOS/5C+0fMV8PvFTTbsGvE5OMm/7a4W9sBY=","g0O7jK1YJ8sqxdqYBOWiUz8QIi1LDsQnoZCUY1osL44=","ZS5iPGbZ70Pr+7Loqk0tqEGnLpg3S3FECZQ7Brx3igo=","XnSn78BDJhk6vpcfgdCqlvn+fmBxqyhbBniJXzbXKAs=","5dunzTZrZz6ctlpJinqSjwqL3FFFcUG1nSug4LwLQj0=","4lzIuOU1M9baEWzXkHpuLYPkcRBzzVoWU+wSIJ76Aek=","CEhUwN1atcW0jagjFrp/fKZyoVANIu0Pw/sa4YSm8VI=","GaZcqPulXwRNs/BLuZwTfb1A3TEoYfucu4+mfeN+XOs=","1A9txqCv7x5Fjff+DBaykFcfxZj0dOWQTZGDR35nUf0=","14gQOoDSjqeWc94+GY00KVPYMX7jqLhZh7Nz+yzmp9o=","WWbq03oA/3daNMoFC1ivGvCA/W1Q+K+1z4/ZDZzOBK4=","UhwSh9PNG425LWY7xreHqFsEH1vQSjWErOYIZhL6iL4=","wg4cIyefgtV7gwfRvGst1OHzmDIZ84CVLDCtg0cADjU=","e2m/kSbXeXzD9Z/mqA2xkeXIoe4zaGMSEZRQKeHE31g=","mNm3oN6f7ZGeH5wGvyQozBMfkzEks0TEhOZJZIOnf20=","4gQvLok5870I15cNBxpVdoeH8TPWafBsYQFUuAYcMiQ=","VUJhmkftBNnWySLFQ0G+y9/as1+PW804f6kyi08RXaQ=","NQVUZeOWk49t/rX8EMdvG8CLopw1ggh7NyDs3g8f1zo=","gXCor+vb2aTbpVi50X97uRZZzM2zDnRlQkbhXGHF9TQ=","NIpEMr2gdthdj2WCCbkSxOHl0a3lMrskhVDxkHbRbjg=","ghGsG7ellsiX1UkDpen2ZYL4WjxxzaLYQjPBBh4GMeg=","Q04dPiGQ9R1SakFScOBvYhKhQ/pWtfJr28Q/imTIJxE=","/3JCac2FYkSmkprEDRziPfU9fO2PRc4M2/7PA1i+sLk=","t0k4InrzidBjDzAKgUZo4nZJCrSM+RfAN21HfMFv0E8=","zghDi7oIM/ctWAZjni5NcW7DPZp91wRFaPCsPbMoz9o=","8aQ9zkctntvEwIJnSaN05WOfqpP9c9DTptq53E919pM=","i3oTjox0qFo3lx7jRb3xLkRzTVV2eKiRQaNQwRXHebA=","s146xyTcgn2JbdfllZ+zZu5kXW06BPq0KK1fo9Ufg5A=","x51xXY9ER+pG4IRJmOjW0Tf84ij/QmvzewV81cAk9t0=","3Z6m93EOO5pWlhMTtQF4NUm3zI1RCV4bjhDdoSHFrL8=","rDen7fqKrORs0o7qRQyjEQB9vwNRfacUfrEK9zwI+Gk=","5sjKxI9RTkEg1KSZkNDWG2RAFPEcU7nS8AR9H6SGOiE=","gWhEU+S92LgLoD9e+nas3jF2kUixni0RC3Y2eK3itQE=","6netrZuBGw4TiWTuN/cs8BE4qd8UtLCKF2ecS6J3EaA=","Vh0lQKzIysCrAUytYAmdTNkuJrFSNsdwfoh5OI8YKTw=","kOBMXCsfjtEeusYZUc+BEZaFwfEHesKhXwCmdArBWCI=","QgWdgqjZlkqrxVriW9863ktQ4pX3z44oe0Umc9UDo1c=","VmgH3a60gYuz07uJGWPUgvtOsauethEAX4pKhZckKB8=","nUTbtwJXFoYEiesVbIVD/dQ4eR59Ev65DuAg4GD0LNQ=","YOI3uCl7YGqHe2d2tMGrzentWN0y8/KqdugNUjDQ+Sk=","iuUIm8XqZzn0as06NKaA4VqUHubQeXEBs4sR9gY2Ki0=","CLS1z+1IMIc9a4AfWJFO/oJzssa6ZhflXFiX3t7M4ec=","mW/eDAQJTJxz9Lf9WW3fVDU1IwOUBHFzRwTFaun2eTA=","VEn0oMaL2f8DkBHWeXTt4I+lG4YwtFKTdrHzsImy8oU=","XBOZgSeTu/wUDWyXgCnuvGlQ49/Rrkm1zTrLfF7fGrw=","+qWuiGrTIwN2Rtt5cgqrDHCMQt4vcEZ71EWqfnpKWNI=","Wm8JjbiKuTRzaOTb8SST8GL1aC9F+HfzDLGRHDDGgsw=","tTy94CgYvU4TVxgbVO4z4gmvwg8BOCanYS0TLDWpjW8=","ELCEtDsKbZ5OpR1HQ1JZAk+aqz9QGcD+1hkHfg7Gi9c=","pLa1bB+3vP54kyLK5HCaUPxJ3HUoPYCfSGhLmXcp67I=","IVk1D2RjEVgyVDi3ZiTFBmYU91l6YSa99GiLK5d6AxY="],"block_size":4096,"path":"contentScript.js"},{"block_hashes":["6oHVsgJDJOxRdBbULi55whrXaqWQKQARhkoxM6K33KM="],"block_size":4096,"path":"contentScript.js.LICENSE.txt"},{"block_hashes":["aQdUmewaczTlhqakViUBNV2mJ/9NiJ6hq4YhHtA2cZg=","WCxeOZX2xsd4T3syBBFiuJwVpcDcJ2i5S0VtwB8GB/4=","FliGLFfQFFUMMUYO13agzdYTU6oImMqbur6/U6xnIRs=","KWRhqm9o8RtFLVFtXvf5xycVDDfx5tV4Lyu3DnCOw1A=","cSM4Fi/89S5nulK+6Qn4fFYfYgboK9g0L7UZoi1HLdI=","HTHx2w+ijW+ArlgkeCeMPWQrUOK7DoACWWUVN3RXmLY=","AB+Xl6zhOM8X8Fncw6Zq3BbNjpWXmJ2E3A7QT3wfNhU=","jnkdOh74iFaDK7/+HkHvoIEpnG06PTZu5BzOY0fh18I=","4oJD5cz/PuviP9W7i8EVs5D9l7z0pLS2fvXix3e1lDs=","w4GDTqdu7CP5KZ92ltCM1utVk8hYZPeZF5fh/EBFJ54=","Ij2aiHx64uEzRi/G+4WOE46g3IN7UjtfUirybewleSA=","U2ivIB+lbn8KE90hWoNSyZ7tbQuaNKOyw0zE1leDlv0=","XIY9caD75z6a3jzz/m8kW0TXwfK6uWnReb86Qng3NJI=","Uvf5oYekWX7uTk/R696VnDXxncvXgWV0j/lV98HtJLU=","/Q2Uu+511tlNOysi1PfBncGIpJ/0dDDoZbxnwf/A+dM=","MogZhuxUvgNWp7dv0C3bzbsc7drS3F0kKpySH2VdbG4=","uCE5CdOGVsKIAeLscesb3sY9xQly/kooTWuWisGgL3E=","kfHdr9t3JStX9uWyQXzABEdE/cAeIGmStWjU2+2wEqM=","fB47hTx0PKUS7W7exm0tddeanQALby0mAvL4aqSBsl4=","RUoNzoxDkY27j1A/hQyu5PX5CWYU1G7ZPWTWqTqPQgE=","lGg/SwQGqH6ZLpXmC25iuOpsTprvFe9kMIaCXAFh+os=","Ous3a/Xtm5Pyephd2Y0ywayZAlveGCbL9b8MHBdpNAc=","ChyIOElcW0hmlhWUufywFvIb47+9hBPZnyu+oh9PaOM=","Iix5f0tmNBfpky3mpWm4jhH4K1AC7FfhTbVNoF6Iev4=","hjyoVX+pTc/cOjtMV+sXTdB9CUKy7oul4m3QlQDhOP8=","X6mW4WtylfES6fqXrX25UQBhhiPA/75lzu1a68hocVE=","z9Qx1x39ZQBMqTVPzTHmIoWELNCBbijRFbQk7gK3E40=","zLXKXfkV0ePmI9c6Q0JOaZ9BT8bb/Kfv9BLNxW+SBKk=","RrbmXnCrw7VEcx9czoB0Imf2ogz2rUCCTJHG/R6mPns=","tSe3psKvjw1I9getPvCIhI+WbaYzDPruA6OJto+XDMg=","m2Sw59VeMGA4N8Ql2Lx6H8Csf/qBl543MRejaRwzwn0=","jxd3S2Zyhv0+xgeLzKmae0eA4SUrhtbghr8I9ZpQi4M=","18W3hA6bdjbmHK26DY7M0s5K1Hisb6YH8h6Stzf1JWc=","8Ng0c4Ynq/gStKDU8L/NdFU7eCwfwVPkPGRsUvpJ1s8=","3fXuWQlmEE9xuGiXp0w66UEf3pDRUjRv4XrGU/tMZYs=","DPbtVHL99qdpjQhyj+e98lByhLktB8AamHWbbkXf37Q=","gR67ZgtSl62QBllpxvGL850Bm+0e8t0vj0vkgz7isI8=","O4u7tKnFYO8ob11CdZ5zNKTSLm1TxNusjC6BeAn7NAw=","ZZXfUVHlfexcFetegOQUGIU5x2GKqd2duNGu/R2QRow=","NLaMsIwC991yUvJxFniNuhQI+VIQtoxTNKNT6oWiqa0=","Ng75VzmsMowXDKc63aHXzMAChqJluOYbpeVdBQQYH1M=","RPJJRzICK9LRf8ZM9wAvlJidkJoIK1KEeIm+E1eWU5A=","fiSSo36/XHRPmv4ICKr0ZnGYApOSmYduT17cJw042m8=","EPq47axUYhewR3rlVFmBfpZiFgtvYycGBehPNSTWHm0=","MPomAmIDEKSXnUT08slvkXHZI49zWYj4+VIiydJUUXI=","I+4ft+77NkfP5zklaLFi/RD+9w/LEdCYelaC8iBOX6A=","kmNDyIlVsJOIHZUeXlUjHseQlmiyC6Ms8xKHefwo0Yk=","wK371ld14NV9yLO1OL+nPCDzO65gzc4W7ONmsfm+Tis=","HPwunsYFxT91vAhkI2uhSVkEr3hMHN6CWo0C1qUP6Yk=","mqf/K/N+oZk9bQNmi2GrTg7Mc9L2MF0a8cmbsz2Q7mc=","bQgt2hvYpH1hZul+k3kqvwry5yUL8gT3N6VVm0dKiVU=","W2358DfU0aylfmx4eVXjACQKGu+VhjU4tAyMlbKaEH0=","049F6y7AcZ1uRVQS9ulq+U4iicB0Z+cfg93SFOMPRqY=","j5pubIZ+eCvlOAlnDO00dxrRr96O2VwFN7ROkoIPeKo=","7JXVhDK+BkfNKGdAP5dzvcsU90oOSI3+jqCrAq3vFhE=","3XEpgKpWWUAiRwI68JfLVwGhhh/szzoFsydwlC+4JWA=","9ArN1Gz49+nXDCik4NZA2SNr09dXxmKcS/TKFGmE54U=","KI0+uIOX4S40IRptRwXByOQT3KVTkriF4ZOvBa8OYhQ=","IwPqWdsA0W8BUXZQxpABHtFCPYaTPSLxK9h1Bm+QdtA=","pym5y/bEhtXpLNTmfAdg4j4IJ/H8ksROgkHF6bOapn0=","4JaKCaoHLOhNCijfbi0P7pkEdksbXPZbMLWR095MpKg=","mhRdeSXyG4wHMDo69wwnKjp8rE+uCkPDOcEVRfznhH8=","mLX4uiA14J51hebjvaoDS8QkKFSl+e94euYmo3zJ0ys=","zjLGYXfDhoYZmPvAxA+A4946bGTQRIkkZNoU5KOeF0E=","laUzP+9Dwo7Bj8ExLY7rB0azvVSHi0uJJ1LIJ7SIVIY=","zGAoNRyjN2qiXm+T1L8ApmSqCocFGnppen6ObR1qjq0=","tM4dEez52QYNfZdVUtR4gMFWPLNCS3f8wUVUWMPJgIk=","/RrndOALTGdxv4FVq79roHf2Ep8SXBpbOSUNBgm9HsU=","2b0N6uPYRXyXNmhP5fiNGm1lF7015Woq02J08qauE9A=","Wn9GyGsbP5t8vZEAFT3leE/NJhwuxGCPJX22g7OJsVw=","FGN/ICRhz4SmTrphdwZPq6sTrRaDGlvr/DRVtQXEo7U=","5889++X4hBZg+ZVEAM+KUx2aI9+EHFeTzr65Kc9nalk=","wezMHeV0WZYgBhYc5t67bNTBJUL3jp/dapyQLtea/Y8=","SXCg3SoWLPAgdnIOsgRQU36lI7qWgshzvsxg9eaPLYk=","llpW4mZbnsxkZjImhNmQDBc2OJvN0SB3G7w+ZJ9mvw0=","Qb45OXhfyCFWbLjvj4h5XGCD9Reu2rBvtiHIqzmOeWs=","An4hBPQDuLu72BbY9R11GvdYQFFzZKzG9l+uFD3DkB4=","KRuPW8hBz0p2uOBa59gaaySzQA1Xa+gnTaiIfgAz3wg=","sd6QXr1tWqzw8scVxmG7hIrPbsbW/7hOtM9YGmG+SBc=","RtELtEg5VDY4UF40MiDGE23GfDW6ukHa/4dO/TzsUM4=","tTWp8axuB10vJz5Vsvr3o5BZnfE/blYjXCxFqB5hRro=","kwV3hY8yHvMhE0CGRNkrwveO5DR/kqRLR4dq0FsFDcM=","isWBFAvwhNlYeDy1ziF1S3byQgIC8U+NRB8hsjN7VNY=","76mtWOeXlGcVRCBVvFL8yUhwO6WnFsDoYCh3WyVOPmQ=","oeER3HbzgQZhBip6BPexidTV+4nyd9ia0wuwEfv8U3E=","vruKWhM+FP2Pd2g53zbZEeqpDdW3IzcW+YNoIFLt14k=","p48buVH1q+OZUHH3H05m2UUwiBa+5CF1L6YAGfHCUcM=","v2CNKckbIhPrQ7AenUMgVdv2bVg8RwRST878Ic6StZc=","YeLOHyBXXglCHsCCPAxvtgYesfSdNPMokX1W1L3CM7o=","E9d0FEUj3BKv8IrlnU6/zBriVZH9EadyMBvEiYU8VFo=","SF2uLh0pKBa/aFZXuDapXxLwuXF9k9MbwhjU/9fx75E=","Po4YIDxRZ8rF8yy+Kei9VahMEpc08BAxm/epT6kX3DU=","vo1o/50XLC6Ox48gxvcXC5eSWTmcx+3xtMS9b/Wey84=","6+q5eP7Iwbnkr4QBtIUBKks6FJjgVMQp2V6Pl5Vzgn4=","fOdMZ9qY4immk29KKRj80IvFrAzZs2WKXK6knJFeJ90=","A6bZ0USfEwR7YkhGl/Eokniwwy0yKaCH+sNIT9gnSnI=","SUMGqWp5fwBSaMXzImW9hdkml2ohGyxCgcZzexL/WcE=","u0w/IU1W+Y524NHEVby9IafMvmV0KeLT5dw/xnXCORI="],"block_size":4096,"path":"serviceWorker.js"},{"block_hashes":["8JKD3q5fCKEC9eMSz+EQgR0oyhu9J2/0b4f1ZG2vvUA="],"block_size":4096,"path":"serviceWorker.js.LICENSE.txt"}],"version":2}